<?xml version="1.0" encoding="utf-8"?>
<UserProfile xmlns:xsi="http://www.w3.org/2001/XMLSchema-instance" xmlns:xsd="http://www.w3.org/2001/XMLSchema">
  <recentDirectories>
    <string>C:\Users\geo\source\repos\javatest\src</string>
    <string>C:\Users\geo\Downloads\8cc-master\8cc-master</string>
    <string>C:\Users\geo\source\repos\MySQLToSQLite</string>
    <string>C:\Users\geo\Documents\FileMan</string>
    <string>C:\Users\geo\source\repos\STIG</string>
  </recentDirectories>
</UserProfile>